pomposity,learning_curve,optimism,atleast,done_percent,sDR_param1,sDR_param2
0.38,14.64,0.26,45.32,33.19,0.54,8.75
0.65,64.03,4.51,64.89,77.82,0.49,3.56
0.42,99.08,8.99,46.12,75.61,0.75,9.21
0.63,28.27,8.76,9.86,55.62,0.01,3.24
0.0,20.47,2.03,20.77,86.92,0.97,8.84
0.34,10.96,4.5,25.96,46.69,0.07,4.51
0.14,29.1,0.66,81.23,39.5,0.11,1.87
0.49,92.54,6.19,5.79,72.57,0.49,9.05
0.02,40.45,5.31,96.77,63.95,0.98,1.41
0.24,23.82,7.17,19.9,97.37,0.99,8.39
0.48,7.86,3.22,0.46,71.25,0.82,9.65
0.79,56.7,4.88,70.3,85.67,0.52,3.69
0.11,91.08,5.4,11.96,11.27,0.97,6.83
0.38,36.91,3.39,35.15,72.77,0.83,4.72
0.08,64.59,8.62,19.96,11.0,0.88,4.11
0.31,13.11,7.44,67.92,19.96,0.37,2.53
0.44,97.0,6.52,39.8,76.6,0.23,9.39
0.49,87.78,3.65,89.72,17.67,0.86,3.11
0.55,5.46,0.92,71.02,85.17,0.47,7.63
0.29,17.58,9.35,89.43,9.3,0.22,4.36
0.39,21.96,0.3,70.84,23.02,0.89,2.0
0.94,43.63,0.18,25.78,80.83,0.44,2.65
0.95,1.64,8.92,77.89,50.3,0.22,9.99
0.94,38.77,8.38,94.5,63.96,0.3,8.35
0.2,37.04,2.75,84.13,52.92,0.41,5.67
0.61,82.26,0.41,95.49,79.87,0.58,3.64
0.17,3.13,0.95,31.05,55.83,0.57,5.45
0.44,73.11,1.67,5.43,99.96,0.9,9.66
0.1,82.94,0.16,29.74,43.92,0.93,9.55
0.61,14.56,1.94,14.19,29.17,0.42,9.39
0.07,64.83,1.84,4.49,36.14,0.2,6.63
0.93,51.53,9.38,87.68,9.37,0.27,5.95
0.56,90.23,5.48,48.45,23.67,0.09,4.6
0.89,38.97,1.8,32.71,66.47,0.08,3.76
0.23,1.3,0.17,27.32,30.51,0.49,7.76
0.46,94.35,5.91,61.52,48.51,0.04,8.94
0.73,12.66,3.63,93.02,58.93,0.12,8.59
0.31,81.54,0.63,49.09,12.68,0.42,5.55
0.7,79.43,6.65,63.49,90.79,0.8,7.83
0.55,65.32,7.53,17.19,43.3,0.65,8.18
0.8,43.98,5.62,6.73,32.45,0.58,1.04
0.26,95.54,6.57,67.87,48.4,0.21,3.0
0.99,47.76,0.75,6.33,41.45,0.7,8.18
0.02,19.09,6.32,76.95,26.3,0.42,5.59
0.02,40.36,2.59,5.71,4.22,0.48,4.81
0.58,50.61,9.91,11.01,90.81,0.64,7.8
0.55,97.57,5.17,29.89,49.6,0.37,9.11
0.23,95.65,6.6,93.11,96.38,0.44,2.61
0.03,96.28,6.7,41.43,8.37,0.72,9.77
0.2,5.37,5.8,77.02,15.31,0.94,6.67
0.01,96.34,2.34,47.79,45.06,0.35,4.27
0.08,36.17,1.89,71.08,41.81,0.99,4.22
0.91,21.95,5.42,39.18,26.84,0.9,1.47
0.36,57.15,4.84,11.43,98.86,0.38,1.36
0.33,13.69,9.44,34.56,14.38,0.32,9.63
0.31,55.06,7.03,24.8,15.2,0.81,6.15
0.75,25.37,9.45,39.25,32.1,0.05,4.31
0.91,22.44,6.29,4.56,45.2,0.46,8.1
0.09,6.59,4.85,95.57,29.4,0.04,7.81
0.28,30.61,0.86,47.2,67.33,0.09,3.68
0.34,85.74,9.76,90.17,94.3,0.99,9.08
0.27,49.74,9.97,95.13,47.43,0.25,2.27
0.99,8.47,5.95,99.14,77.37,0.46,5.19
0.43,58.94,0.57,15.24,57.48,0.68,3.37
0.48,82.12,4.0,77.09,97.62,0.23,6.24
0.99,92.62,6.59,88.93,96.59,0.53,8.89
0.55,75.02,8.23,13.96,16.83,0.62,3.52
0.25,75.43,5.08,39.35,73.14,0.1,3.69
0.27,35.35,7.55,64.04,60.02,0.1,9.75
0.44,97.96,9.74,97.92,61.31,0.52,2.26
0.57,50.71,2.42,40.71,87.12,0.03,1.18
0.87,1.85,6.5,45.9,61.15,1.0,5.38
0.46,95.06,3.69,27.41,90.71,0.62,5.09
0.24,84.79,3.55,2.58,79.26,0.31,8.57
0.73,5.97,6.98,17.9,14.45,0.02,7.03
0.56,58.6,8.68,98.63,69.14,0.89,5.81
0.67,33.69,3.67,76.91,37.08,0.55,2.57
0.93,5.01,7.24,32.09,30.86,0.28,4.12
0.3,46.11,6.12,26.68,45.11,0.07,6.37
0.74,91.17,9.59,88.83,22.11,0.16,6.01
0.87,67.15,2.54,49.01,55.72,0.1,6.51
0.24,32.91,0.51,9.46,86.66,0.99,1.03
0.95,74.43,9.48,90.58,39.9,0.97,9.02
0.62,73.6,4.76,61.7,21.71,0.35,6.76
0.3,40.95,9.87,97.9,22.72,0.93,7.01
0.68,98.8,1.2,20.48,46.72,0.44,2.9
0.94,33.47,1.92,36.04,62.08,0.45,9.67
0.54,44.83,0.84,23.2,3.55,0.54,7.75
0.87,27.65,4.0,84.33,93.51,0.05,8.69
0.46,72.55,8.61,13.62,75.81,0.42,8.75
0.87,37.91,0.32,65.69,72.16,0.21,9.83
0.42,58.65,4.33,96.04,92.42,0.87,8.38
0.76,29.96,8.28,74.46,65.56,0.03,1.37
0.71,60.03,2.82,43.17,56.58,0.07,1.02
0.16,85.53,4.27,28.18,25.56,0.62,1.56
0.19,55.86,6.57,28.09,74.64,0.98,4.04
0.32,81.66,3.09,88.41,0.33,0.14,1.58
0.83,28.18,3.76,82.22,99.41,0.7,3.54
0.78,79.22,0.66,46.76,64.46,0.75,1.59
0.16,61.85,4.38,94.57,87.86,0.47,6.13
0.55,60.23,8.39,80.16,30.54,0.31,5.7
0.93,30.57,5.86,2.5,62.2,0.55,2.52
0.77,10.24,2.9,50.41,73.44,0.96,6.04
0.02,26.61,3.21,76.86,71.02,0.62,9.57
0.06,69.74,9.47,0.6,13.48,0.17,8.81
0.1,34.37,9.01,15.28,82.65,0.08,9.26
0.42,54.34,4.41,71.31,84.37,0.76,4.49
0.12,53.87,4.68,95.28,41.61,0.45,7.06
0.95,34.11,7.6,21.73,27.41,0.72,4.6
0.53,26.39,1.03,9.12,54.07,0.46,4.2
0.24,95.58,3.98,3.75,71.91,0.67,7.9
0.57,54.36,1.25,28.51,97.09,0.71,9.67
0.28,18.4,2.13,75.66,24.75,0.55,1.94
0.18,90.67,2.36,1.65,83.85,0.37,8.1
0.65,24.5,9.33,8.76,27.36,0.03,1.59
0.17,40.06,0.24,87.36,17.17,0.87,3.09
0.95,74.04,1.3,64.73,14.44,0.7,3.43
0.27,96.42,1.37,36.22,5.6,1.0,5.8
0.7,29.98,2.96,55.64,34.73,0.97,4.04
0.46,11.78,9.73,62.81,7.36,0.06,4.01
0.88,49.47,8.77,90.61,53.15,0.02,1.42
0.66,82.06,0.45,77.65,78.37,0.92,7.53
0.36,37.78,5.95,1.37,25.47,0.56,1.86
0.79,38.69,3.19,35.19,26.65,0.11,10.0
0.46,35.13,3.64,28.48,22.27,0.97,3.35
0.1,90.21,2.55,35.08,89.64,0.14,6.46
0.31,42.85,8.15,16.06,84.26,0.74,2.54
0.02,44.9,0.92,2.28,9.38,0.29,4.7
0.34,57.96,1.63,46.11,32.93,0.16,5.96
0.1,5.31,4.61,54.31,17.7,0.97,3.0
0.95,52.84,5.01,34.99,95.72,0.32,9.77
0.86,78.18,6.62,92.55,98.2,0.76,4.35
0.93,48.17,4.24,31.03,17.55,0.48,9.1
0.71,1.76,4.18,0.71,48.09,0.13,2.66
0.41,73.85,3.69,60.16,67.69,0.65,5.93
0.99,47.61,9.86,12.59,80.06,0.01,3.55
0.75,92.0,5.15,92.02,17.65,0.02,9.02
0.38,77.46,9.19,24.1,55.36,0.21,9.85
0.29,13.89,0.59,18.21,38.05,0.69,7.03
0.71,2.79,5.74,99.9,28.93,0.53,8.04
0.2,18.58,3.81,36.12,64.34,0.91,4.06
0.58,30.47,4.73,54.27,75.71,0.0,9.52
0.6,35.51,6.79,12.88,80.4,0.26,7.53
0.46,53.65,1.31,71.5,64.94,0.19,5.49
0.42,13.9,8.56,55.31,82.77,0.28,8.39
0.0,75.41,6.08,77.14,30.74,0.42,4.66
0.3,84.61,4.56,38.94,29.53,0.22,2.73
0.84,30.44,5.57,19.68,34.28,0.05,6.54
0.66,13.61,6.22,7.95,36.29,0.93,6.36
0.91,27.88,7.42,55.79,98.29,0.69,8.24
0.91,7.41,2.85,12.29,3.52,0.96,1.15
0.53,19.88,8.3,9.09,72.9,0.16,1.45
0.63,85.43,9.0,76.76,45.33,0.1,1.42
0.48,12.23,1.25,74.42,81.19,0.55,6.13
0.64,88.85,7.31,5.63,86.09,0.14,4.31
0.1,84.95,5.26,55.61,50.36,0.31,7.17
0.95,91.95,6.43,48.38,96.63,0.96,9.24
0.05,29.66,4.85,70.46,8.38,0.27,7.94
0.88,82.42,3.83,89.37,14.96,0.79,2.24
0.07,88.71,7.01,93.11,36.32,0.93,8.36
0.54,92.32,7.94,46.61,44.59,0.6,1.14
0.32,73.1,5.86,51.25,93.05,0.28,4.28
0.23,88.14,6.9,66.84,57.73,0.42,5.83
0.45,56.09,2.96,24.85,97.84,0.07,9.81
0.24,81.48,2.59,33.84,82.2,0.55,5.66
0.38,97.84,0.4,98.94,72.85,0.31,5.88
0.59,41.73,3.54,19.48,72.92,0.99,5.27
0.97,75.76,3.55,55.81,70.81,0.03,2.06
0.88,83.93,8.04,83.82,15.85,0.82,7.37
0.25,87.5,0.62,97.92,13.56,0.34,5.14
0.6,43.42,6.77,57.43,84.26,0.88,2.44
0.2,27.59,7.5,75.45,92.91,0.68,3.26
0.96,66.25,8.47,64.69,27.83,0.09,6.51
0.1,59.14,1.06,7.34,78.29,0.92,8.95
0.5,41.01,4.15,80.4,27.57,0.58,3.47
0.11,56.97,4.78,77.5,29.99,0.61,2.45
0.77,8.31,1.59,10.88,63.7,0.77,5.02
0.52,29.29,9.6,69.43,94.92,0.89,5.66
0.57,78.29,3.0,12.94,38.24,0.03,5.88
0.48,76.99,0.23,31.13,46.14,0.75,6.68
0.17,16.63,3.63,30.43,63.04,0.7,7.66
0.08,59.83,6.05,30.31,59.48,0.86,2.37
0.88,46.06,8.9,39.72,64.3,0.23,5.17
0.15,80.36,4.78,17.08,79.64,0.38,2.76
0.28,73.92,3.01,53.74,69.22,0.8,4.61
0.71,15.48,7.05,3.8,3.38,0.24,7.31
0.56,63.23,8.62,25.08,63.08,0.01,1.82
0.58,67.16,8.4,65.67,30.58,0.3,6.25
0.68,38.37,6.62,63.87,91.79,0.48,9.81
0.31,35.37,6.62,11.22,37.04,0.75,6.46
0.35,47.02,8.71,95.72,56.41,0.48,5.59
0.74,48.47,1.49,9.43,47.52,0.51,5.1
0.22,61.2,7.53,88.72,16.15,0.48,8.76
0.08,65.73,2.39,53.33,77.56,0.68,3.16
0.55,98.4,3.43,78.36,14.34,0.87,1.48
0.56,46.27,3.4,51.13,17.18,0.52,8.84
0.96,79.17,1.56,37.48,75.7,0.04,2.55
0.57,99.94,6.51,65.79,6.42,0.54,7.18
0.83,40.14,5.13,90.93,65.11,0.69,5.02
0.42,37.25,1.32,21.52,22.67,0.53,8.17
0.83,41.32,1.23,14.65,25.95,0.92,6.54
0.68,6.73,3.03,70.78,63.69,0.72,8.88
0.32,25.24,0.53,92.89,35.88,0.68,7.68
0.35,23.77,2.13,94.87,9.03,0.44,5.33
0.15,71.77,2.64,28.53,43.22,0.52,6.53
0.78,73.33,7.28,10.34,16.29,0.31,6.27
0.42,21.37,9.6,74.92,22.71,0.53,1.3
0.69,97.61,7.02,99.04,47.42,0.19,5.18
0.25,41.03,5.44,71.36,66.94,0.27,9.52
0.06,39.37,3.65,34.98,36.53,0.43,7.93
0.9,68.06,9.2,9.79,23.31,0.05,8.09
0.56,27.2,7.97,9.74,27.66,0.57,2.82
0.89,16.87,5.99,23.62,15.52,0.97,2.74
0.18,22.01,3.48,54.32,71.72,0.53,8.02
0.87,54.75,6.39,80.96,31.82,0.26,2.8
0.52,64.01,9.04,10.28,57.44,0.04,7.84
0.18,3.11,5.82,78.53,95.31,0.93,4.79
0.76,43.74,7.57,57.81,8.21,0.16,1.16
0.42,66.2,3.27,85.69,6.34,0.65,1.77
0.27,16.6,8.5,46.8,95.3,0.28,8.81
0.59,74.01,2.86,66.88,59.28,0.82,5.38
0.5,52.51,5.89,94.87,17.32,0.19,9.34
0.61,4.99,2.11,62.85,38.52,0.66,2.87
0.98,50.83,7.19,13.88,2.19,0.11,3.58
0.72,39.68,1.49,87.02,70.4,0.42,9.76
0.41,1.11,5.25,38.42,10.21,0.19,2.45
0.62,70.13,5.87,22.07,17.65,0.33,4.95
0.75,68.38,3.25,56.4,23.96,0.74,1.15
0.63,22.06,8.38,32.61,54.3,0.2,6.81
0.39,95.87,4.96,29.19,12.59,0.05,5.94
0.95,15.97,0.21,13.12,40.73,0.49,7.98
0.66,99.49,2.14,2.73,68.0,0.61,3.64
0.27,29.23,4.14,5.67,46.4,0.73,8.47
0.81,88.46,0.24,94.65,18.88,0.11,2.23
0.71,31.49,8.81,35.38,77.29,0.66,3.99
0.93,8.76,6.43,25.58,36.46,0.68,5.13
0.03,52.28,1.2,4.37,98.18,0.46,5.72
0.97,4.62,3.34,50.95,4.8,0.84,3.22
0.4,94.03,6.09,40.97,45.84,0.28,3.86
0.85,10.06,8.36,54.2,87.0,0.3,4.43
1.0,95.77,8.73,79.63,59.16,0.85,5.38
0.45,70.03,7.35,46.49,26.88,0.5,8.28
0.83,74.58,5.21,91.28,65.18,0.61,6.73
0.44,59.54,8.55,5.75,87.48,0.09,1.91
0.57,96.88,7.97,95.95,70.4,0.64,1.69
0.74,48.39,6.8,93.06,39.04,0.83,5.75
0.57,77.39,1.7,0.84,43.85,0.34,4.25
0.93,37.06,2.62,63.68,97.12,0.87,5.92
0.35,54.59,5.98,79.93,55.0,0.62,3.44
0.37,1.28,8.19,88.88,53.42,0.77,7.19
0.72,63.1,2.45,34.02,25.48,0.77,4.36
0.56,96.44,1.25,31.53,16.29,1.0,6.01
0.3,6.91,5.51,32.72,34.4,0.4,6.09
0.01,78.83,0.3,7.11,66.7,0.67,9.05
0.44,30.88,0.52,30.56,65.37,0.52,3.78
0.5,23.04,5.61,14.16,74.75,0.64,2.45
0.91,44.38,2.55,19.25,95.19,0.64,2.45
0.51,88.19,9.78,93.86,44.18,0.44,5.02
0.91,31.79,5.8,44.26,26.56,0.29,2.93
0.03,17.64,4.94,20.1,55.8,0.12,9.65
0.31,95.37,5.25,70.21,58.79,0.83,8.5
0.87,32.63,1.04,86.99,20.12,0.98,5.26
0.2,95.29,8.85,97.22,5.47,0.65,8.61
0.23,36.15,3.0,26.03,32.7,0.48,6.63
0.32,54.2,3.85,77.11,20.46,0.58,1.89
0.88,85.88,8.12,97.33,60.8,0.89,1.02
0.91,8.81,3.94,41.91,12.98,0.89,1.88
0.73,16.54,6.52,96.71,50.68,0.99,6.33
0.55,38.86,4.75,76.32,93.36,0.85,1.48
0.22,87.3,6.94,86.61,87.36,0.16,7.99
0.16,30.71,1.62,42.94,7.04,0.49,9.91
0.35,30.45,5.5,90.68,10.17,0.3,8.25
0.09,59.61,3.22,60.68,1.15,0.43,4.89
0.99,33.55,3.81,90.64,47.11,0.36,9.35
0.77,53.19,9.05,28.03,30.52,0.92,4.37
0.2,3.15,8.76,84.56,54.62,0.94,3.44
0.72,90.67,3.68,77.09,73.08,0.69,2.5
0.09,91.14,9.41,21.48,81.86,0.72,9.1
0.18,19.58,2.4,25.92,43.65,0.3,2.17
0.65,21.41,1.23,38.75,49.1,0.09,6.81
0.35,49.7,0.9,97.12,7.35,0.39,3.47
0.74,56.35,1.31,3.6,83.71,0.28,6.15
0.42,63.47,1.15,78.03,81.96,0.71,2.32
0.54,58.81,8.27,61.32,39.1,0.12,8.91
0.73,81.44,9.52,1.39,81.45,0.62,1.64
0.42,74.48,0.82,19.54,23.1,0.6,2.67
0.47,18.19,3.17,48.14,60.22,0.01,4.82
0.68,55.15,9.86,4.39,48.55,0.55,6.52
0.81,2.56,3.65,13.85,84.97,0.92,4.55
0.7,31.95,6.8,61.38,64.04,0.69,4.16
0.47,12.97,7.61,98.34,52.91,0.78,2.64
0.86,24.01,6.25,82.7,18.62,0.41,1.8
0.78,81.61,1.72,12.6,18.75,0.11,9.81
0.37,37.51,4.69,24.41,8.33,0.54,4.87
0.98,87.52,1.65,91.31,31.45,0.43,5.25
0.16,5.83,7.58,95.09,92.22,0.52,5.91
0.16,45.39,4.11,19.77,33.44,0.41,1.76
0.25,90.76,7.61,35.08,9.78,0.68,9.44
0.26,80.88,8.75,1.99,48.58,0.77,5.93
0.73,71.71,8.86,26.44,53.34,0.34,7.93
0.31,40.67,2.25,29.76,89.03,0.44,1.51
0.5,95.32,1.39,11.79,32.67,0.04,1.87
0.71,77.97,3.85,61.53,75.68,0.14,8.72
0.85,86.0,9.11,31.41,34.44,0.61,6.47
0.64,74.31,2.74,27.47,20.3,0.28,7.1
0.28,66.28,3.28,73.49,81.83,0.22,7.18
0.21,56.4,0.44,18.46,44.36,0.73,3.64
0.39,48.97,5.87,1.84,24.41,0.93,3.12
0.0,50.72,6.08,91.33,12.02,0.05,1.43
0.85,2.89,8.59,4.61,11.01,0.4,5.65
0.13,83.92,1.85,42.78,75.03,0.76,1.29
0.45,77.0,8.96,64.3,38.26,0.17,8.68
0.53,2.79,1.58,62.19,31.84,0.13,4.76
0.55,97.3,8.98,65.8,20.92,0.66,9.14
0.97,90.54,6.05,19.87,81.1,0.1,9.59
0.08,35.99,5.2,67.18,33.61,0.56,4.09
0.4,21.32,8.09,10.16,89.1,0.65,2.74
0.51,41.93,9.2,69.76,75.19,0.42,3.18
0.36,23.13,7.6,84.97,14.7,0.75,6.43
0.46,64.23,9.81,47.95,72.56,0.27,8.95
0.47,84.84,9.47,68.08,90.52,0.12,3.32
0.89,37.03,7.78,38.23,79.61,0.41,6.25
0.98,85.89,4.87,67.58,4.6,0.06,3.34
0.77,82.05,5.6,40.26,8.87,0.64,2.95
0.55,43.35,5.25,29.43,18.92,0.53,8.37
0.31,22.71,7.65,85.4,61.18,0.08,2.23
0.51,87.17,2.47,59.88,71.95,0.8,6.3
0.97,74.99,0.6,98.4,12.09,0.19,8.11
0.4,83.8,5.1,82.09,14.08,0.45,9.09
0.82,31.46,7.11,84.99,84.71,0.14,6.62
0.28,74.52,9.91,32.24,61.2,0.46,6.37
0.63,4.94,6.03,64.06,88.99,0.68,7.3
0.68,65.94,8.45,75.14,74.44,0.65,3.73
0.05,21.14,3.6,67.57,35.5,0.19,5.2
0.84,13.66,3.1,23.26,64.11,0.25,4.66
0.41,21.16,0.96,55.71,75.4,0.79,1.02
0.72,57.03,1.19,26.53,42.84,0.28,5.88
0.18,12.35,0.5,85.2,27.91,0.22,5.37
0.8,35.13,7.88,78.34,53.41,0.77,1.79
0.56,74.76,2.3,71.69,42.01,0.94,4.9
0.37,66.46,5.94,79.59,54.28,0.06,2.65
0.21,23.62,2.04,82.72,13.92,0.04,2.06
0.67,89.58,1.45,59.25,22.29,0.14,9.43
0.69,54.26,9.58,31.31,1.59,0.64,2.26
0.94,6.24,0.13,23.42,73.78,0.68,7.49
0.32,19.63,5.01,80.04,70.63,0.91,7.3
0.37,11.84,6.32,19.11,59.4,0.37,5.3
0.57,8.09,4.18,41.1,94.4,0.35,4.49
0.57,33.63,0.45,60.09,25.59,0.32,8.72
0.61,35.82,6.66,76.22,50.99,0.21,3.4
0.98,83.61,4.42,80.2,69.82,0.69,9.47
0.63,83.71,1.47,26.94,42.18,0.65,4.31
0.14,66.09,8.58,29.59,45.83,0.66,9.62
0.46,9.5,5.86,64.54,78.66,0.9,2.86
0.15,99.56,1.09,95.67,3.58,0.4,5.67
0.42,16.99,3.95,61.69,97.58,0.84,2.58
0.78,37.01,3.32,26.31,53.92,0.08,4.64
0.42,5.63,7.8,11.17,78.95,0.19,7.89
0.19,78.73,2.24,24.16,17.17,0.77,4.14
0.16,34.4,9.21,51.08,99.49,0.59,6.17
0.18,81.71,5.3,7.21,5.63,0.48,6.57
0.9,6.21,8.65,90.59,76.1,0.05,6.36
0.88,72.97,8.8,79.46,7.6,0.89,3.13
0.64,63.24,8.89,59.02,83.07,0.61,5.36
0.23,41.52,4.87,90.26,63.62,0.61,2.79
0.15,20.05,9.71,71.24,94.06,0.69,4.33
0.42,50.08,1.42,62.81,81.49,0.76,4.42
0.84,45.14,7.35,57.41,37.74,0.31,7.91
0.11,44.1,7.05,91.77,18.41,0.06,6.08
0.87,56.61,8.07,3.27,30.3,0.94,6.03
0.04,61.92,4.94,79.35,59.88,0.46,4.01
0.93,64.1,4.07,57.73,90.75,0.02,8.29
0.93,83.96,0.44,63.21,60.47,0.3,8.11
0.06,12.76,1.25,97.9,10.98,0.75,7.14
0.14,89.29,5.54,11.53,70.87,0.66,3.74
0.47,88.14,7.45,59.78,15.48,0.81,3.23
0.84,27.91,8.66,86.77,14.86,0.35,7.52
0.85,53.37,7.53,23.25,8.6,0.64,4.65
0.73,46.97,9.63,95.62,60.88,0.83,6.81
0.25,60.51,7.97,55.21,84.17,0.46,2.69
0.26,19.88,8.94,87.51,37.05,0.05,1.67
0.8,34.11,7.59,24.44,84.71,0.21,6.02
0.67,10.6,2.59,73.91,99.78,0.52,4.91
0.19,99.78,8.09,30.1,57.61,0.78,7.67
0.53,98.25,2.68,8.27,32.88,0.24,3.04
0.34,39.25,5.55,67.47,64.14,0.58,1.85
0.3,72.81,8.71,53.21,33.9,0.08,7.63
0.31,97.16,3.8,41.54,83.88,0.3,1.8
0.4,70.48,6.02,39.81,47.75,0.26,8.73
0.15,9.63,1.64,40.73,79.12,0.02,7.22
0.47,7.95,1.79,23.99,16.55,0.94,5.84
0.54,78.36,7.42,83.96,63.87,0.13,2.51
0.62,42.5,4.77,71.01,32.95,0.96,4.61
0.6,19.68,7.41,14.41,87.74,0.98,2.21
0.19,20.91,9.26,60.14,21.4,0.31,1.12
0.43,13.95,7.57,82.44,67.62,0.27,6.82
0.9,82.06,6.82,16.7,90.3,0.4,8.65
0.37,69.6,6.36,12.22,78.45,0.97,9.39
0.58,84.65,6.88,65.12,37.84,0.78,3.71
0.71,29.19,6.09,36.34,89.18,0.5,4.01
0.16,33.05,9.78,87.96,73.07,0.71,5.46
0.31,5.71,1.87,17.83,44.91,0.62,1.38
0.73,59.4,3.1,71.58,95.58,0.84,1.37
0.81,57.11,9.33,13.05,31.56,0.45,7.69
0.85,2.13,9.33,59.75,15.54,0.02,3.53
0.84,79.37,6.95,62.54,6.18,0.76,3.77
0.47,86.03,0.46,54.64,44.47,0.24,2.43
0.97,52.46,9.53,20.52,6.46,0.95,4.82
0.21,95.79,6.45,7.06,52.85,0.28,5.37
0.95,92.58,2.3,6.23,80.34,0.62,6.07
0.55,20.15,4.7,14.32,39.5,0.2,5.15
0.86,21.42,9.46,17.75,35.9,0.74,1.17
0.44,28.55,6.95,98.36,72.37,0.47,9.72
0.11,87.43,3.57,43.04,9.56,0.96,3.16
0.51,13.61,0.49,6.0,48.14,0.25,5.36
0.95,55.3,5.6,55.26,99.33,0.62,5.53
0.57,26.55,7.3,53.31,7.14,0.91,2.82
0.76,3.83,4.92,54.49,54.12,0.64,4.0
0.21,87.72,2.81,46.69,1.95,0.15,4.99
0.36,16.77,6.24,60.27,73.65,0.65,8.1
0.2,32.3,1.0,95.95,13.85,0.97,2.85
0.65,92.75,0.19,46.23,5.61,0.49,3.83
0.17,3.73,8.23,35.34,50.83,0.21,1.33
0.68,47.98,3.12,5.05,99.31,0.62,1.65
0.68,20.62,7.62,46.83,50.55,0.13,5.68
0.07,26.26,3.16,67.07,79.78,0.42,9.82
0.97,91.05,5.11,8.24,9.77,0.9,8.74
0.03,90.2,6.45,25.0,94.58,0.71,4.8
0.18,54.45,5.3,36.95,2.61,0.28,2.36
0.85,87.12,2.93,28.31,74.5,0.68,5.66
0.26,39.58,3.93,88.77,17.07,0.01,4.09
0.07,55.14,8.37,33.61,52.15,0.54,3.15
0.75,25.81,5.73,36.6,16.58,0.8,9.98
0.11,94.24,8.58,73.66,69.76,0.71,1.49
0.99,1.48,7.64,48.67,22.96,0.96,5.68
0.68,14.39,6.05,40.37,93.94,0.54,7.01
0.85,10.65,7.73,84.37,92.05,0.74,2.73
0.04,24.32,4.77,90.5,50.82,0.49,2.1
0.83,38.73,6.86,41.73,31.6,0.51,8.55
0.27,45.13,9.25,54.59,72.46,0.54,8.78
0.56,75.71,9.74,64.88,54.27,0.32,3.93
0.01,27.42,7.07,27.18,69.71,0.58,4.88
0.5,15.72,9.43,93.5,8.64,0.36,2.19
0.9,15.6,7.27,61.51,84.17,0.73,3.89
0.49,52.48,7.69,50.52,34.34,0.32,3.78
0.25,36.9,6.68,50.17,48.28,0.29,8.08
0.53,15.66,5.57,41.68,92.69,0.95,2.73
0.27,64.67,6.9,32.44,74.79,0.88,4.64
0.02,88.2,1.34,23.92,19.98,0.53,5.88
0.56,61.35,0.56,92.83,57.92,0.45,2.04
0.12,95.75,1.36,35.89,9.39,0.83,5.68
0.85,96.51,5.75,63.3,21.72,0.13,2.49
0.53,66.22,0.29,76.37,45.13,0.76,4.86
0.24,99.16,3.96,11.66,76.92,0.66,3.82
0.31,42.01,5.89,65.0,50.73,0.37,5.43
0.77,15.33,7.35,57.16,25.5,0.78,2.76
0.77,44.83,7.02,62.25,77.61,0.17,3.48
0.46,3.1,8.23,82.02,9.67,0.74,8.04
0.93,79.26,8.23,21.74,58.32,0.39,9.07
0.19,52.83,1.79,32.73,16.34,0.56,8.56
0.32,4.82,8.5,7.13,67.21,0.18,7.64
0.03,37.06,7.87,21.22,76.77,0.76,5.35
0.81,35.72,1.02,89.12,4.92,0.65,6.99
0.47,22.14,6.99,85.53,21.8,0.88,5.57
0.04,28.68,3.78,52.42,83.25,0.93,8.25
0.49,87.99,7.67,16.94,78.84,0.64,8.19
0.88,91.27,9.02,55.16,63.95,0.0,3.55
0.36,22.64,9.71,9.45,17.22,0.83,9.5
0.49,93.0,3.97,95.02,8.41,0.98,9.99
0.28,96.29,8.8,40.46,46.36,0.4,4.77
0.65,80.68,8.49,98.4,78.29,0.6,2.06
0.55,79.68,7.05,83.05,86.14,0.72,3.35
0.59,26.03,1.12,55.96,14.97,0.46,6.08
0.3,83.72,9.35,48.99,92.14,0.39,4.93
0.15,52.9,1.85,65.28,29.0,0.77,8.96
0.17,47.82,2.69,24.75,51.78,0.71,2.21
0.38,59.77,2.51,55.32,43.46,0.55,6.79
0.95,24.92,3.52,58.32,22.66,0.48,7.57
0.06,12.64,6.04,80.51,73.04,0.33,1.63
0.32,44.87,2.39,87.96,80.52,0.34,6.95
0.95,53.07,3.96,52.94,24.98,0.66,7.24
0.84,46.82,9.46,18.53,30.59,0.41,2.45
0.36,63.85,1.67,46.98,68.27,0.0,4.4
0.74,32.17,0.27,27.78,77.56,0.35,2.25
0.9,91.53,1.21,94.0,74.21,0.67,2.47
0.32,47.85,3.28,59.38,12.72,0.19,9.16
0.69,96.25,4.61,76.93,67.25,0.06,2.3
0.5,24.37,1.37,20.49,22.67,0.94,6.05
0.81,27.78,2.13,11.37,81.35,0.77,6.16
0.67,46.46,1.96,67.16,82.8,0.63,3.69
0.99,37.89,1.6,3.82,43.33,0.79,8.67
0.31,26.43,5.88,10.49,99.72,0.72,2.34
0.41,68.82,8.01,72.73,59.71,0.7,8.93
0.73,38.37,6.31,72.47,62.28,0.95,1.75
0.68,49.36,5.22,45.21,75.56,0.88,6.18
0.03,32.7,4.54,7.47,71.88,0.91,8.34
0.18,68.62,0.66,56.37,89.38,0.56,3.11
0.32,97.49,5.57,87.8,54.98,0.62,4.1
0.03,48.13,9.43,0.53,27.96,0.91,2.61
0.92,99.46,2.54,41.86,63.0,0.62,2.64
0.75,56.0,2.56,10.1,20.49,0.17,4.47
0.4,41.11,6.51,62.99,24.9,0.27,3.0
0.42,41.73,2.94,27.55,78.2,0.59,6.35
0.87,86.18,6.09,97.72,46.08,0.01,4.44
0.07,3.17,9.41,74.73,46.4,0.78,4.14
0.14,90.99,5.49,83.32,59.34,0.66,5.76
0.28,98.76,6.49,90.22,60.95,0.23,2.84
0.28,26.73,4.38,49.62,78.88,0.43,9.47
0.98,45.71,9.24,55.69,84.3,0.51,4.12
0.47,91.17,1.34,99.34,8.29,0.06,2.75
0.29,74.04,5.65,82.39,81.85,0.56,6.19
0.64,30.13,2.79,73.37,56.5,0.25,2.99
0.43,17.72,4.46,48.37,80.59,0.15,5.32
0.22,83.04,6.33,55.63,47.09,0.24,1.01
0.85,23.15,3.5,92.0,52.36,0.07,8.34
0.0,76.41,8.49,20.76,36.34,0.52,7.6
0.87,82.75,8.69,95.17,37.98,0.47,1.71
0.39,11.64,1.17,87.79,89.11,0.56,9.44
0.01,55.44,4.73,62.19,51.94,0.95,6.2
0.01,15.79,8.92,5.36,94.7,0.05,9.78
0.35,66.89,5.45,7.42,54.3,0.49,8.24
0.18,71.88,9.66,95.34,48.84,0.08,2.14
0.55,65.56,1.75,25.04,35.3,0.23,6.28
0.63,68.7,9.73,50.59,68.72,0.89,7.44
0.95,31.36,4.27,64.19,15.31,0.2,7.14
0.09,21.7,1.0,22.33,75.52,0.06,6.74
0.71,42.67,5.91,97.81,50.48,0.01,1.71
0.87,84.47,8.96,65.35,4.42,0.28,6.92
0.47,29.88,4.03,67.63,64.99,0.03,1.99
0.57,3.13,9.44,59.16,88.31,0.88,5.83
0.79,90.43,1.01,40.18,54.66,0.71,5.58
0.25,87.44,5.02,76.91,57.93,0.43,8.55
0.29,44.45,7.4,33.11,5.89,0.98,6.91
0.61,18.45,3.99,53.12,82.94,0.23,3.9
0.6,81.25,1.22,55.05,28.88,0.23,4.42
0.73,84.19,5.01,98.63,51.44,0.97,4.47
0.5,70.21,1.19,11.7,48.37,0.5,7.29
0.44,59.21,3.89,50.96,32.16,0.7,8.52
0.89,62.57,0.16,27.98,27.09,0.7,9.89
0.18,52.06,9.89,59.25,94.85,0.77,4.62
0.98,51.45,3.47,47.29,54.29,0.13,5.64
0.9,50.97,2.11,74.0,41.88,0.59,1.6
0.08,89.56,2.12,83.99,8.71,0.81,4.95
0.25,94.94,0.41,48.96,90.49,0.22,9.72
0.02,80.44,1.12,3.7,30.46,0.93,1.52
0.3,58.82,7.4,38.5,15.81,0.43,8.79
0.1,7.58,1.45,28.64,16.56,0.95,6.02
0.64,22.99,5.46,98.55,4.46,0.76,3.55
0.28,48.6,5.39,5.21,38.47,0.17,1.68
0.59,85.8,7.32,22.27,67.17,0.65,6.17
0.16,45.06,7.08,75.84,73.85,0.81,5.77
0.39,46.45,3.41,77.95,82.23,0.87,5.3
0.75,72.95,2.37,42.11,20.24,0.04,2.3
0.23,23.84,9.13,1.89,16.4,0.26,7.61
0.14,61.99,9.93,72.3,13.26,0.62,5.19
0.23,79.71,9.02,20.56,34.97,0.08,3.98
0.58,30.7,0.16,30.71,70.43,0.77,7.47
0.08,66.89,1.89,90.89,28.21,0.59,9.34
0.73,83.75,6.09,41.0,45.62,0.56,1.41
0.42,36.48,2.8,34.0,82.32,0.18,1.59
0.23,69.69,7.44,92.44,54.88,0.79,9.0
0.24,75.34,8.62,10.47,37.03,0.91,9.63
0.75,64.04,4.42,82.59,38.4,0.06,3.7
0.21,98.5,5.87,52.43,35.12,0.19,5.12
0.84,43.74,4.78,91.44,1.85,0.53,5.89
0.06,26.69,3.77,73.76,47.68,0.72,9.06
0.31,69.33,4.85,15.05,64.36,0.6,4.76
0.7,45.08,0.73,53.98,35.93,0.16,6.17
0.97,28.07,8.27,92.57,93.6,0.14,7.59
0.54,87.1,5.96,49.9,83.01,0.76,7.03
0.49,76.7,2.03,23.11,12.55,0.61,2.42
0.57,53.29,3.87,26.12,41.65,0.07,5.66
0.36,17.76,8.24,74.45,34.59,0.78,9.35
0.43,56.13,4.05,18.66,12.65,0.82,3.68
0.17,42.28,3.8,31.5,54.32,0.61,1.61
0.29,36.04,3.26,43.68,66.96,0.17,4.21
0.55,46.02,6.18,38.26,48.72,0.74,3.61
0.18,53.33,0.97,2.39,21.7,0.4,6.24
0.33,61.39,1.11,97.19,60.14,0.3,6.83
0.31,17.16,8.85,98.88,26.94,0.84,4.6
0.05,99.99,0.72,56.03,54.85,0.44,9.12
0.02,79.0,9.07,92.65,34.87,0.51,8.51
0.48,87.29,9.19,29.83,99.61,0.49,6.09
0.97,78.24,6.96,40.86,96.54,0.97,8.31
0.28,94.24,2.09,87.62,70.84,0.58,5.94
0.12,83.75,3.36,11.75,44.75,0.82,1.59
0.44,64.05,8.66,78.78,41.59,0.55,1.04
0.05,66.78,7.79,6.39,69.48,0.49,5.38
0.91,47.47,3.42,66.58,43.63,0.46,4.14
0.45,3.1,0.26,35.9,93.03,0.69,1.67
0.95,20.7,3.21,35.74,11.11,0.6,9.88
0.14,74.76,3.64,10.54,84.28,0.52,1.95
0.16,44.49,2.44,99.55,45.61,0.34,1.46
0.21,36.58,1.22,51.0,17.03,0.46,3.16
0.36,96.46,5.1,31.63,4.37,0.18,2.89
0.29,53.38,0.96,61.35,35.28,0.75,4.11
0.41,91.55,2.03,80.06,45.84,0.75,7.83
0.8,89.84,3.38,44.42,12.3,0.71,1.79
0.14,16.62,2.79,19.33,69.3,0.34,8.17
0.1,82.79,5.88,25.38,91.04,0.68,2.47
0.01,44.2,4.22,23.12,47.49,0.24,9.3
0.38,41.27,2.96,14.52,87.26,0.24,5.2
0.44,12.46,6.49,73.3,70.09,0.06,4.01
0.23,27.31,7.46,54.63,71.04,0.71,9.4
0.72,24.44,6.22,11.35,46.91,0.93,6.69
0.56,55.35,9.94,26.24,92.77,0.36,8.33
0.16,37.06,2.4,12.08,30.63,0.06,8.39
0.95,24.61,5.14,74.09,68.16,0.69,6.74
0.98,33.61,1.43,95.96,80.09,0.56,3.47
0.81,10.59,9.25,1.29,54.83,0.59,9.19
0.25,38.12,0.73,49.39,17.46,0.72,9.87
0.49,34.56,4.65,27.69,76.3,0.61,8.46
0.46,14.19,3.25,0.61,29.94,0.33,6.52
0.87,86.67,0.47,19.87,68.02,0.3,6.33
0.8,21.68,3.25,44.48,91.16,0.41,3.21
0.07,64.86,4.59,87.77,31.77,0.69,9.88
0.28,13.22,8.34,62.32,30.64,0.78,2.54
0.67,91.79,1.08,0.16,52.88,0.53,4.73
0.31,4.67,1.55,39.77,42.39,0.68,2.26
0.04,1.72,6.96,31.18,8.36,0.89,7.72
0.66,37.07,3.67,56.8,55.52,0.84,8.52
0.12,52.1,9.85,9.36,0.83,0.64,5.97
0.4,21.3,1.36,69.91,40.56,0.99,1.05
0.56,26.91,8.42,17.74,3.42,0.63,6.56
0.56,35.33,2.56,26.23,64.94,0.36,4.22
0.54,50.38,0.51,81.68,80.65,0.87,6.84
0.66,44.42,4.43,46.55,16.9,0.1,4.25
0.39,98.78,0.25,12.9,26.19,0.45,4.02
0.82,17.72,8.6,97.95,28.84,0.61,4.45
0.51,33.86,5.84,41.8,14.98,0.63,4.17
0.45,59.15,6.8,2.09,9.7,0.95,5.03
0.78,35.34,2.59,16.25,80.15,0.13,3.84
0.56,21.39,6.6,92.28,65.27,0.41,9.37
0.5,76.37,5.5,40.97,26.18,0.04,9.39
0.02,62.18,5.65,38.22,84.24,0.92,4.31
0.11,86.8,1.74,41.53,30.91,0.49,7.39
0.52,25.88,4.17,31.99,97.24,0.88,3.25
0.79,18.97,4.63,3.77,93.1,0.21,9.41
0.9,83.46,10.0,99.16,84.06,0.91,3.04
0.12,77.54,7.99,81.62,74.25,0.78,3.59
0.17,34.33,2.6,92.74,77.24,0.33,6.35
0.66,22.86,1.06,89.39,83.94,0.33,3.37
0.96,38.67,2.4,53.29,89.49,0.96,3.53
0.21,36.72,3.42,57.06,97.32,0.52,6.54
0.37,49.98,7.26,8.79,85.16,0.11,7.77
0.29,49.03,2.57,20.82,58.26,0.51,9.09
0.26,57.17,0.44,43.45,88.22,0.26,8.94
0.58,70.68,3.25,70.77,40.46,0.07,5.98
0.88,79.17,8.53,13.59,22.29,0.57,4.85
0.93,29.82,6.37,23.44,41.76,0.37,8.07
0.95,3.79,7.81,85.73,65.69,0.75,1.23
0.58,47.33,9.42,76.09,83.28,0.2,1.41
0.88,15.52,3.94,14.13,11.25,0.86,8.98
0.88,5.13,4.19,38.03,54.34,0.47,5.92
0.13,88.6,4.7,63.14,52.25,0.78,1.77
0.17,69.54,0.97,8.64,42.03,0.92,7.98
0.99,22.73,1.91,68.27,37.13,0.1,1.87
0.64,13.74,8.55,28.09,34.75,0.48,3.78
0.96,89.38,6.79,68.41,40.44,0.41,6.78
0.44,34.94,0.58,95.71,73.9,0.65,9.07
0.72,30.77,5.84,24.81,83.44,0.31,9.86
0.31,63.73,8.84,15.6,77.43,0.14,1.07
0.96,82.62,6.66,56.64,47.51,0.23,2.41
0.16,31.39,0.29,35.43,99.56,0.28,3.04
0.99,35.88,9.29,76.99,96.46,0.85,3.38
0.37,88.69,6.48,73.84,61.14,0.66,3.81
0.36,74.2,3.12,46.98,76.25,0.98,8.38
0.59,28.03,6.14,43.91,63.4,0.79,6.41
0.01,60.22,2.75,29.5,24.71,0.58,6.69
0.32,71.8,1.43,62.84,66.98,0.51,3.17
0.15,17.5,3.74,11.3,54.16,0.14,8.22
0.14,6.56,0.91,57.93,56.92,0.28,5.24
0.36,76.17,3.91,35.43,33.11,0.15,3.22
0.85,13.41,5.88,45.81,2.41,0.49,9.7
0.05,7.44,2.1,18.66,42.19,0.34,7.65
0.17,96.61,2.78,26.17,89.39,0.93,5.57
0.63,78.45,1.06,77.79,35.24,0.54,3.36
0.18,45.71,0.74,77.22,49.96,0.92,2.68
0.85,84.71,6.61,24.92,24.13,0.92,7.74
0.41,1.96,3.01,38.39,4.3,0.14,7.43
0.71,97.17,8.73,51.05,99.14,0.57,3.69
0.87,60.81,9.22,87.74,99.99,0.28,3.22
0.38,82.41,5.49,36.87,16.54,0.89,7.95
0.16,37.16,0.82,74.1,91.71,0.66,6.25
0.13,62.67,1.87,77.67,65.8,0.98,8.63
0.6,99.94,5.15,40.07,16.84,0.38,5.47
0.21,49.85,4.27,11.84,90.95,0.66,2.69
0.69,49.16,2.72,61.85,57.19,0.95,7.77
0.71,47.1,7.84,0.52,0.96,0.68,7.87
0.35,10.16,6.82,74.37,60.64,0.93,6.43
0.03,43.48,4.92,12.77,23.09,0.48,5.63
0.4,32.19,4.36,68.08,52.15,0.97,4.66
0.12,4.76,7.6,76.83,66.11,0.76,2.32
0.43,86.84,9.78,64.31,70.17,0.38,7.31
0.91,49.55,4.92,89.75,89.13,0.68,7.26
0.31,80.73,7.16,3.59,12.49,0.66,4.56
0.07,76.88,7.78,35.87,12.08,0.78,1.39
0.78,28.67,3.47,29.68,65.76,0.71,1.17
0.42,69.99,0.73,56.78,62.72,0.15,1.32
0.6,69.72,6.29,65.94,75.54,0.69,1.08
0.86,44.86,4.06,91.85,61.45,0.93,5.88
0.65,47.34,9.81,41.75,46.42,0.51,9.68
0.42,58.39,0.59,31.01,76.17,0.17,3.23
0.6,72.74,4.79,1.2,26.81,0.92,9.6
0.98,53.72,1.93,80.81,54.73,0.68,3.8
0.9,92.47,6.02,93.33,78.77,0.98,9.93
0.05,24.44,5.7,32.04,31.71,0.66,3.87
0.66,59.06,5.54,52.23,96.92,0.82,3.94
0.24,32.41,5.22,64.79,58.59,0.2,2.01
0.59,88.57,8.89,15.25,9.73,0.03,4.47
0.58,99.98,2.88,12.63,10.63,0.45,4.94
0.7,79.94,2.32,72.29,23.57,0.41,1.65
0.37,30.35,4.28,7.46,12.87,0.22,5.34
0.48,25.54,2.51,62.17,12.5,0.04,4.16
0.25,78.81,0.28,26.86,34.65,0.78,7.65
0.82,40.94,6.8,53.04,20.42,0.47,9.1
0.15,41.74,6.36,50.58,27.11,0.49,8.49
0.34,10.21,7.19,6.78,33.66,0.13,6.54
0.35,3.22,1.38,68.46,63.99,0.9,3.31
0.55,94.0,3.73,62.31,86.28,0.87,6.87
0.62,8.34,2.85,89.55,54.95,0.69,2.84
0.91,73.68,5.52,20.62,82.1,0.71,1.07
0.59,80.9,9.14,98.48,87.1,0.38,9.33
0.79,2.81,9.23,80.54,66.19,0.24,2.41
0.19,31.1,5.36,28.18,1.33,0.62,4.17
0.99,64.06,5.94,64.37,84.82,0.26,3.61
0.99,94.33,1.43,66.18,47.79,0.19,3.69
0.03,30.38,3.65,29.43,64.29,0.92,4.37
0.46,63.97,4.14,48.86,13.05,0.95,4.79
0.73,32.93,7.77,42.32,80.45,0.52,2.41
0.32,51.12,3.63,14.07,1.18,0.94,3.88
0.23,23.11,1.69,44.11,25.41,0.74,1.88
0.1,65.16,9.15,63.72,30.48,0.41,8.53
0.75,42.31,1.63,24.01,47.34,0.18,6.58
0.91,43.31,8.91,10.6,51.14,0.68,4.98
0.94,71.51,4.25,78.64,14.65,0.79,2.69
0.76,76.51,9.27,66.05,54.55,0.09,9.53
0.33,36.3,5.54,45.88,37.76,0.71,8.45
0.16,53.18,5.52,31.6,2.68,0.82,2.04
0.75,33.38,0.54,18.94,3.67,0.16,9.64
0.57,19.43,4.12,32.27,97.42,0.39,1.3
0.35,71.71,4.63,91.11,87.28,0.75,7.83
0.72,25.48,0.24,30.69,10.67,0.47,3.45
0.92,93.79,5.37,37.78,5.4,0.78,6.36
0.11,84.46,7.48,25.18,4.92,0.65,1.84
0.41,55.78,1.91,91.8,43.4,0.65,4.31
0.57,2.48,2.71,45.32,43.85,0.14,4.38
0.76,27.65,8.19,37.84,95.99,0.59,1.39
0.42,73.73,0.38,10.95,70.3,0.65,3.01
0.16,3.06,6.65,18.28,81.57,0.08,6.01
0.1,26.47,8.31,5.28,62.27,0.59,4.72
0.75,30.9,8.74,99.42,74.73,0.9,6.8
0.72,20.32,4.84,26.72,7.19,0.63,4.72
0.23,11.44,6.62,4.5,40.86,0.54,3.86
0.34,2.92,3.98,9.87,72.65,0.02,9.24
0.13,5.51,6.72,14.92,21.64,0.8,1.45
0.29,60.65,5.62,52.22,35.17,0.76,6.18
0.39,56.31,4.57,76.8,82.7,0.13,7.67
0.38,92.03,4.61,71.56,45.91,0.46,4.72
0.29,94.61,0.16,81.91,63.38,0.97,1.3
0.35,43.11,6.08,97.31,11.35,0.86,3.41
0.48,90.25,3.22,84.41,12.72,0.41,9.71
0.66,95.94,7.2,63.53,11.14,0.11,3.94
0.46,32.59,9.96,26.31,12.2,0.41,1.17
0.02,54.9,8.37,75.56,89.77,0.65,6.75
0.63,29.26,4.5,39.06,29.93,0.18,3.7
0.43,2.7,1.73,33.72,41.19,0.42,4.03
0.09,74.65,9.15,31.72,95.33,0.21,4.95
0.23,69.55,8.81,53.7,79.92,0.42,9.19
0.94,45.71,2.03,84.25,0.3,0.05,7.67
0.4,28.11,1.58,86.06,98.44,0.74,8.82
0.24,94.87,3.71,3.18,18.55,0.12,1.86
0.05,63.03,8.83,55.53,9.66,0.84,8.86
0.3,51.56,5.59,58.65,46.78,0.49,1.87
0.65,81.82,8.24,97.81,61.21,0.83,7.2
0.87,82.15,0.19,89.15,13.21,0.61,2.69
0.5,67.9,5.79,27.72,99.34,0.57,5.32
0.47,6.42,2.04,7.1,3.07,0.77,9.32
0.46,41.57,2.81,64.46,24.87,0.57,8.91
0.44,21.09,6.69,54.68,61.05,0.52,5.62
0.07,6.77,7.73,79.2,68.24,0.73,6.59
0.97,92.5,0.52,21.57,5.02,0.51,2.98
0.02,99.84,9.98,15.36,68.9,0.78,2.49
0.38,8.43,6.01,87.09,8.74,0.31,4.7
0.86,53.27,4.12,27.25,26.46,0.01,8.18
0.39,11.74,6.95,20.9,47.62,0.71,3.93
0.82,45.12,0.2,55.36,5.7,0.94,3.71
1.0,55.59,9.6,45.48,55.64,0.73,9.78
0.26,10.4,5.95,34.58,15.03,0.11,5.59
0.93,1.64,1.18,85.99,97.67,0.87,1.43
0.61,42.9,4.66,87.66,5.16,0.45,6.94
0.3,53.66,1.34,12.93,19.38,0.05,8.29
0.38,13.14,2.95,67.62,62.22,0.47,3.03
0.28,36.33,2.08,48.27,96.54,0.32,2.39
0.38,71.68,2.9,12.6,77.05,0.38,6.23
0.06,63.15,4.0,6.75,13.7,0.18,9.33
0.34,18.12,4.03,20.2,58.46,1.0,4.74
0.13,82.72,9.73,1.01,99.55,0.06,7.49
0.43,13.5,9.37,80.64,14.13,0.99,7.05
0.61,71.61,4.92,42.49,93.85,0.65,5.93
0.44,3.87,8.57,33.66,7.31,0.43,2.06
0.38,76.72,1.68,39.56,64.41,0.44,7.0
0.92,10.06,5.7,54.38,4.48,0.45,4.29
0.45,19.68,4.76,36.36,42.16,0.63,2.84
0.76,35.31,8.82,78.51,90.73,0.26,8.55
0.61,58.91,9.22,11.36,89.77,0.66,1.47
0.34,14.14,6.91,8.93,35.46,0.09,5.67
0.39,57.38,7.74,80.32,11.3,0.34,2.32
0.44,98.19,4.98,56.34,16.05,0.21,2.14
0.79,19.93,1.91,56.36,92.83,0.77,9.13
0.25,67.57,4.28,15.61,19.91,0.61,3.44
0.12,24.24,7.58,79.45,29.85,0.77,4.85
0.47,92.4,5.55,91.11,96.31,0.88,5.19
0.46,10.93,0.9,15.52,30.85,0.27,3.86
0.6,1.45,0.82,51.26,82.93,0.52,9.94
0.47,81.63,6.65,11.25,77.6,0.43,8.36
0.04,24.9,6.82,5.02,56.69,0.91,6.94
0.33,24.84,8.18,24.58,63.25,0.83,5.83
0.51,31.88,8.61,86.64,3.52,0.84,6.21
0.92,35.16,8.84,58.81,88.12,0.16,8.81
0.73,15.7,8.47,93.18,6.87,0.68,9.58
0.43,11.07,7.66,98.72,0.27,0.9,6.54
0.24,85.9,8.16,31.63,37.07,0.06,3.65
0.0,18.92,1.42,50.73,9.97,0.8,7.34
0.15,40.87,6.36,37.72,73.73,0.71,7.19
0.65,42.15,5.28,28.58,65.44,0.69,3.9
0.38,17.19,1.29,35.07,49.96,0.69,5.85
0.66,4.69,0.78,16.67,31.72,0.44,6.95
0.9,98.95,5.38,56.45,52.18,0.25,5.03
0.31,51.19,4.76,69.63,83.04,0.16,6.32
0.06,14.57,6.84,38.36,27.48,0.95,3.11
0.48,22.25,6.22,94.88,2.44,0.58,3.23
0.39,75.28,3.52,33.74,33.08,0.59,4.69
0.5,59.66,6.99,95.19,34.61,0.57,1.3
0.7,55.06,4.26,55.55,90.26,0.69,5.26
0.37,75.72,1.98,65.13,3.92,0.36,1.75
0.39,77.63,5.54,9.67,38.91,0.83,3.0
0.21,52.17,7.51,91.27,38.64,0.55,1.82
1.0,20.42,4.62,8.97,86.79,0.93,7.93
0.32,77.88,2.55,55.76,1.58,0.49,8.21
0.19,60.67,4.32,28.6,81.38,0.89,2.88
0.63,91.53,3.13,73.46,88.22,0.58,9.8
0.55,89.87,5.39,8.57,6.25,0.51,2.2
0.86,80.09,7.28,5.53,60.8,0.85,8.13
0.26,36.28,9.44,29.29,77.23,0.97,4.38
0.46,86.72,3.74,52.01,61.5,0.58,7.59
0.13,4.71,9.76,90.74,63.98,0.76,4.32
0.84,93.57,3.04,65.96,16.05,0.71,2.09
0.84,51.92,8.18,3.34,61.27,0.36,7.39
0.05,44.98,8.42,42.74,37.6,0.84,2.28
0.9,40.54,3.95,3.26,82.02,0.16,9.02
0.36,9.99,5.65,90.99,35.67,0.18,7.62
0.61,81.17,8.47,32.08,15.91,0.46,2.86
0.03,30.37,1.28,33.68,54.15,0.76,5.06
0.32,56.65,4.13,19.25,20.35,0.66,5.64
0.7,55.34,5.49,30.0,79.84,0.08,1.63
0.27,17.23,3.84,14.81,97.6,0.76,1.72
0.61,13.88,8.23,33.77,83.93,0.27,4.67
0.76,93.15,8.94,83.06,0.85,0.54,9.5
0.06,36.71,2.25,47.29,88.11,0.69,2.46
0.81,37.81,9.79,96.61,80.21,0.82,1.65
0.19,18.67,8.88,46.69,11.65,0.07,4.53
0.3,7.09,5.95,14.37,92.76,0.68,6.26
0.19,7.5,0.45,95.09,1.66,0.6,5.83
0.45,40.23,0.54,83.16,84.4,0.45,3.32
0.46,69.14,1.17,57.51,41.44,0.19,5.56
0.24,54.19,6.61,41.86,68.13,0.95,6.21
0.17,6.73,3.3,34.67,25.35,0.86,8.82
0.89,54.43,5.36,11.63,30.21,0.22,9.09
0.55,39.11,3.16,96.3,52.3,0.06,7.35
0.21,88.56,5.96,39.82,57.45,0.66,1.48
0.25,46.7,4.88,61.32,60.56,0.42,3.79
0.25,1.41,0.86,41.7,42.84,0.22,6.32
0.11,36.79,6.1,48.06,25.84,0.99,1.04
0.75,27.03,6.76,41.86,17.82,0.16,7.75
0.06,5.35,0.3,47.08,68.32,0.57,1.04
0.36,90.43,3.93,2.09,20.14,0.84,8.04
0.1,72.46,2.61,75.4,32.74,0.3,3.05
0.6,84.82,2.93,58.67,89.29,0.11,8.55
0.67,69.64,4.42,43.05,48.61,0.79,9.28
0.62,98.38,7.15,3.53,43.03,0.26,7.22
0.4,26.56,4.59,28.03,92.49,0.62,8.86
0.81,45.19,4.54,13.35,47.24,0.3,4.2
0.09,67.9,5.58,90.52,97.68,0.62,1.25
0.83,67.13,4.07,14.65,62.01,0.7,4.73
0.34,71.45,5.05,97.56,83.7,0.89,7.25
0.74,66.35,4.24,96.57,54.19,0.79,5.46
0.21,7.25,7.17,66.68,88.49,0.0,7.19
0.59,23.78,8.92,53.55,78.92,0.05,5.21
0.6,43.05,3.88,27.72,78.25,0.69,9.13
0.97,39.29,3.6,20.43,27.25,0.49,7.16
0.34,70.09,1.8,47.31,38.16,0.72,2.57
0.23,90.61,2.65,88.53,79.86,0.26,2.42
0.31,18.76,0.83,50.04,0.36,0.5,2.01
0.17,13.06,4.29,54.55,86.48,0.79,1.88
0.86,33.06,6.91,64.31,96.44,0.29,6.28
0.72,58.87,2.09,59.52,16.99,0.92,2.22
0.57,14.77,5.92,93.18,19.59,0.94,9.05
0.13,83.39,7.09,45.84,71.59,0.36,4.31
0.19,52.88,4.52,73.01,60.31,0.7,1.85
0.77,94.55,7.24,96.8,86.72,0.34,5.9
0.15,27.52,9.22,89.28,64.3,0.07,5.92
0.53,75.02,5.38,5.71,67.51,0.59,4.29
0.49,20.85,6.19,97.28,35.53,0.99,8.99
0.73,6.76,3.83,19.33,75.83,0.68,6.74
0.12,55.75,5.21,74.62,31.68,0.58,2.32
0.49,99.17,0.1,8.14,27.92,0.52,3.33
0.29,5.59,9.83,55.42,0.58,0.45,8.91
0.82,88.9,6.72,14.12,15.24,0.64,3.49
0.06,26.11,1.5,1.33,99.22,0.12,5.0
0.02,45.26,5.67,33.79,2.85,0.82,9.86
0.05,22.38,4.63,74.46,82.59,0.49,1.17
0.11,75.3,6.12,53.26,62.52,0.85,4.01
0.1,42.06,1.56,92.13,9.74,0.75,1.49
0.72,16.64,4.33,98.02,3.63,0.19,4.54
0.42,1.5,7.8,15.67,67.75,0.29,9.85
0.53,50.54,3.54,84.68,72.06,0.65,8.92
0.47,53.86,5.93,39.71,44.35,0.09,8.53
0.18,45.67,2.07,37.5,19.59,0.03,4.73
0.62,73.14,0.9,31.15,2.41,0.35,1.84
0.58,34.68,3.64,71.49,78.67,0.58,4.31
0.42,99.69,8.85,38.22,41.84,0.88,1.3
0.73,86.78,4.45,74.37,8.14,0.1,9.5
0.01,75.91,8.38,97.22,21.28,0.59,5.25
0.87,20.27,9.38,13.06,41.67,0.87,9.02
0.94,65.29,6.06,22.64,81.9,0.23,4.64
0.9,71.89,4.82,30.87,57.03,0.67,7.38
0.99,65.92,2.55,6.56,44.63,0.48,1.44
0.26,72.41,3.81,30.6,73.82,0.75,5.68
0.32,11.68,4.46,45.04,20.44,0.08,5.53
0.08,7.54,1.98,73.99,85.21,0.25,8.27
0.72,51.47,1.67,6.85,66.05,0.53,8.52
0.92,16.93,6.8,51.49,99.49,0.92,4.64
0.26,13.49,8.54,96.93,76.36,0.89,8.05
0.52,73.95,6.65,33.97,92.59,0.71,3.96
0.76,78.46,8.69,91.98,74.15,0.85,2.74
0.83,9.64,7.95,79.35,58.42,0.55,8.21
0.97,37.86,8.09,28.11,94.54,0.9,9.89
0.1,27.68,2.11,71.29,39.64,0.83,5.55
0.36,73.48,3.98,89.15,47.38,0.24,7.61
0.81,13.69,4.72,57.99,29.68,0.59,3.24
0.21,76.58,4.86,21.42,78.12,0.24,7.14
0.04,45.5,6.7,75.86,90.32,0.71,7.74
0.94,21.85,2.01,3.54,69.17,0.1,5.91
0.88,12.85,3.37,75.16,52.3,0.14,7.9
0.42,45.86,2.15,4.65,1.96,0.25,1.8
0.73,82.02,6.89,23.08,60.87,0.06,5.44
0.4,55.62,6.8,58.8,96.4,0.21,5.19
0.73,61.98,4.2,66.52,98.76,0.62,6.86
0.64,96.57,9.19,26.62,24.37,0.11,7.95
0.91,52.06,9.43,52.05,8.5,1.0,9.25
0.96,52.81,3.95,32.98,0.31,0.84,7.85
0.58,69.39,1.69,57.33,64.44,0.4,7.47
0.97,92.95,8.23,10.72,57.77,0.27,9.95
0.9,75.93,0.23,86.82,48.97,0.3,9.81
0.98,32.31,5.85,39.17,70.97,0.63,1.08
0.23,41.21,4.57,11.41,77.08,0.34,2.53
0.52,70.03,9.81,30.5,15.88,0.48,2.92
0.83,19.45,1.27,11.17,53.18,0.44,3.59
0.74,36.72,5.11,21.09,55.48,0.49,3.35
0.09,84.65,6.1,70.28,88.26,0.18,1.62
0.8,41.88,3.79,55.93,30.81,0.12,2.91
0.02,71.38,2.22,86.42,0.6,0.68,5.89
0.36,13.3,4.74,61.28,2.67,0.71,6.2
0.23,99.8,3.2,13.87,1.79,0.39,5.56
0.82,14.28,5.96,64.34,8.24,0.95,1.24
0.72,68.31,4.25,95.12,52.25,0.82,5.33
0.06,83.98,9.68,14.0,9.46,0.33,7.61
0.81,82.59,5.4,22.91,31.65,0.93,1.56
0.38,62.9,9.57,90.3,15.64,0.93,8.76
0.42,79.77,2.16,88.32,81.59,0.23,4.81
0.51,16.79,1.05,55.73,47.6,0.7,7.27
0.58,41.98,1.04,43.25,38.64,0.3,7.04
0.93,13.4,0.85,39.15,74.01,0.64,4.8
0.46,67.27,0.63,58.41,58.35,0.67,7.07
0.59,12.13,0.55,63.75,99.31,0.95,7.83
0.39,57.53,9.36,95.14,50.79,0.5,9.21
0.68,94.85,6.66,66.45,95.81,0.04,4.88
0.96,11.64,2.65,58.81,21.0,0.8,5.79
0.59,41.28,8.53,6.65,31.36,0.73,8.93
0.79,11.04,3.24,2.22,91.88,0.91,2.69
0.92,46.19,4.73,21.03,24.79,0.75,5.9
0.21,81.52,1.07,76.51,80.22,0.52,1.95
0.62,52.72,3.1,45.71,62.62,0.9,8.47
0.82,78.23,6.1,28.84,12.85,0.6,2.55
0.98,22.42,3.29,51.08,12.5,0.31,7.59
0.15,93.4,8.75,76.27,16.03,0.68,8.35
0.24,9.63,9.04,78.72,78.03,0.02,1.69
0.42,4.78,5.58,26.11,77.13,0.06,7.71
0.59,48.68,4.95,76.3,54.97,0.98,9.18
0.63,18.55,8.37,41.8,55.33,0.6,4.98
0.27,74.86,3.67,73.84,94.28,0.23,6.34
0.72,13.46,5.23,76.98,57.62,0.79,1.76
0.15,71.65,5.43,88.11,93.39,0.16,7.83
0.6,98.27,9.17,36.11,29.7,0.19,9.59
0.55,66.45,7.0,94.93,91.78,0.41,1.17
0.75,17.1,2.85,25.79,27.5,0.46,6.68
0.58,86.18,6.78,60.96,52.75,0.61,4.33
0.55,68.34,5.87,75.61,82.69,0.19,5.03
